{"id":13219,"legalStatus":{"id":932,"labelFr":"Service public - CPAS","labelNl":"Openbare dienst - OCMW"},"isInterpreting":false,"address":{"id":null,"x":152302,"y":171263,"lon":4.401445106123757,"lat":50.851756126658735,"municipalityFr":"SCHAERBEEK","municipalityNl":"SCHAARBEEK","streetFr":"Boulevard Auguste Reyers","streetNl":"Auguste Reyerslaan","number":"70","numberBuilding":null,"zipCode":1030,"postalBox":null,"postalCodeFr":"1030 SCHAERBEEK","postalCodeNl":"1030 SCHAARBEEK","districtFr":"REYERS","districtNl":"REYERS","districtCode":"87","statisticsCode":"21015A77-","remarkFr":null,"remarkNl":null,"statisticsNameFr":"R.T.B.","statisticsNameNl":"B.R.T."},"categories":null,"categoriesObject":[],"sectorsObjects":null,"nameOfficialFr":"COORDINATION DE L'ACTION SOCIALE DE SCHAERBEEK","nameOfficialNl":"COÖRDINATIE VAN DE SCHAARBEEKSE SOCIALE ACTIE","descriptionFr":null,"descriptionNl":null,"activitiesFr":"Coordination qui regroupe des associations et institutions qui exercent une activité à caractère social ou socio-culturel sur le territoire de la commune de Schaerbeek, afin de soutenir la réflexion commune et l'action concertée dans la lutte contre la pauvreté et l'exclusion sociale :\n- Rencontres de connaissance du réseau : échange entre travailleurs sociaux d’un quartier ou sur base d’une thématique\n- Groupes de travail thématiques autour de projets : Guide (création et suivi du Guide de l'accompagnant social schaerbeekois), personnes âgées\n- Module de présentation du réseau social schaerbeekois\n- Journées thématiques, campagnes de sensibilisation, etc.\n- Outils de communication : site internet, newsletter, guide/répertoire des services et associations","activitiesNl":"Coördinatie van verenigingen en instellingen die een sociale of socioculturele activiteit verrichten op het grondgebied van de gemeente Schaarbeek, die nadenkt over de bestrijding van armoede en sociale uitsluiting en actie voert tegen armoede en sociale uitsluiting:\n- ontmoetingsmomenten netwerk: uitwisseling tussen sociaal werkers van een wijk of over een thematiek\n- thematische werkgroepen rond projecten: Gids (opstellen en opvolgen van de gids voor de sociale begeleiding van de Schaarbekenaars), Ouderen\n- presentatiemodule van het sociale netwerk in Schaarbeek\n- themadagen, bewustmakingscampagnes, enz.\n- communicatietools: website, nieuwsbrief, gids/lijst van de diensten en verenigingen","accessFr":["Par e-mail","Par téléphone"],"accessNl":["Per e-mail","Telefonisch"],"permanencyFr":"Du lundi au vendredi de 8h30 à 16h","permanencyNl":"Van maandag tot vrijdag van 8.30 uur tot 16 uur","publicFr":"Toute organisation schaerbeekoise qui se sent concernée par la lutte contre la pauvreté et l'exclusion sociale","publicNl":"Schaarbeekse verenigingen die zich aangesproken voelen door de bestrijding van de armoede en de sociale uitsluiting","publicationFr":[],"publicationNl":[],"remarkFr":"- Partenariat entre le CPAS de Schaerbeek et la coordination sociale associative active à Schaerbeek, la Coordination Sociale de Schaerbeek (CSS)","remarkNl":"- Samenwerking tussen het OCMW van Schaarbeek en de sociale coördinatie van verenigingen actief in Schaarbeek, de Sociale Coördinatie van Schaarbeek","pmRp":["0212.347.945"],"langStatus":"FR-NL","lastUpdate":"28/08/20","startDate":null,"type":null,"nameAlternativeFr":["CASS"],"nameAlternativeNl":["CSSA"],"nameFormerFr":[],"nameFormerNl":[],"nameServiceFr":[],"nameServiceNl":[],"telFr":["02/435.51.38","02/435.51.39"],"telNl":["02/435.51.38","02/435.51.39"],"emailFr":["cass@cpas-schaerbeek.be"],"emailNl":["cass@cpas-schaerbeek.be"],"faxFr":[],"faxNl":[],"websiteOfficialFr":["http://www.cass-cssa.be"],"websiteOfficialNl":["http://www.cass-cssa.be"],"websiteUnofficialFr":[],"websiteUnofficialNl":[],"websiteBelgianOfficialJournalFr":["http://www.ejustice.just.fgov.be/cgi_tsv/tsv_rech.pl?language=fr&btw=0212347945&liste=Liste"],"websiteBelgianOfficialJournalNl":["http://www.ejustice.just.fgov.be/cgi_tsv/tsv_rech.pl?language=nl&btw=0212347945&liste=Liste"],"websiteInfoFr":[],"websiteInfoNl":[],"otherAgreementFr":[],"otherAgreementNl":[],"subventionFr":[],"subventionNl":[]}